KermaniBathroom11.ee57a26d.jpg,KermaniBedroom1.c9150c64.jpg,3
KermaniBathroom12.253b9619.jpg,KermaniBedroom2.4137562e.jpg,3
KermaniBathroom13.3cc9414f.jpg,KermaniBedroom3.85a2fcf8.jpg,3
KermaniBathroom14.28980cef.jpg,KermaniBedroom4.19237d55.jpg,3
KermaniBathroom14.28980cef.jpg,KermaniBedroom5.182113cf.jpg,3
CustomBathroom11.83f00d27.jpg,CustomBedroom1.dd3a3ab7.jpg,2
CustomBathroom12.a184ee8e.jpg,CustomBedroom2.68c78b04.jpg,3
CustomBathroom13.c19b560e.jpg,CustomBedroom3.8e19b3f5.jpg,3
SceneSeerBathroom11.26f79cf9.jpg,SceneSeerBedroom1.eab3fddf.jpg,3
SceneSeerBathroom12.1bc6afa0.jpg,SceneSeerBedroom2.b8db532a.jpg,3
SceneSeerBathroom13.9126ddeb.jpg,SceneSeerBedroom3.38edf89c.jpg,3
SceneSeerBathroom14.83034ec8.jpg,SceneSeerBedroom4.a2e3fbff.jpg,3
SceneSeerBathroom14.83034ec8.jpg,SceneSeerBedroom5.0180e40e.jpg,3
KermaniBathroom11.ee57a26d.jpg,KermaniBedroom1.c9150c64.jpg,2
KermaniBathroom12.253b9619.jpg,KermaniBedroom2.4137562e.jpg,2
KermaniBathroom13.3cc9414f.jpg,KermaniBedroom3.85a2fcf8.jpg,3
KermaniBathroom14.28980cef.jpg,KermaniBedroom4.19237d55.jpg,3
KermaniBathroom14.28980cef.jpg,KermaniBedroom5.182113cf.jpg,3
KermaniBathroom11.ee57a26d.jpg,KermaniBedroom1.c9150c64.jpg,3
KermaniBathroom12.253b9619.jpg,KermaniBedroom2.4137562e.jpg,3
KermaniBathroom13.3cc9414f.jpg,KermaniBedroom3.85a2fcf8.jpg,3
KermaniBathroom14.28980cef.jpg,KermaniBedroom4.19237d55.jpg,3
KermaniBathroom14.28980cef.jpg,KermaniBedroom5.182113cf.jpg,3
CustomBathroom11.83f00d27.jpg,CustomBedroom1.dd3a3ab7.jpg,3
CustomBathroom12.a184ee8e.jpg,CustomBedroom2.68c78b04.jpg,3
CustomBathroom13.c19b560e.jpg,CustomBedroom3.8e19b3f5.jpg,3
CustomBathroom14.2d879a61.jpg,CustomBedroom4.b5057e6e.jpg,3
CustomBathroom14.2d879a61.jpg,CustomBedroom5.d076a690.jpg,3
KermaniBathroom11.ee57a26d.jpg,SceneSeerBedroom1.eab3fddf.jpg,3
KermaniBathroom12.253b9619.jpg,SceneSeerBedroom2.b8db532a.jpg,3
KermaniBathroom13.3cc9414f.jpg,SceneSeerBedroom3.38edf89c.jpg,3
KermaniBathroom14.28980cef.jpg,SceneSeerBedroom4.a2e3fbff.jpg,3
KermaniBathroom14.28980cef.jpg,SceneSeerBedroom5.0180e40e.jpg,3
KermaniBathroom11.ee57a26d.jpg,KermaniBedroom1.c9150c64.jpg,3
KermaniBathroom12.253b9619.jpg,KermaniBedroom2.4137562e.jpg,3
KermaniBathroom13.3cc9414f.jpg,KermaniBedroom3.85a2fcf8.jpg,3
KermaniBathroom14.28980cef.jpg,KermaniBedroom4.19237d55.jpg,3
KermaniBathroom14.28980cef.jpg,KermaniBedroom5.182113cf.jpg,3
KermaniBathroom11.ee57a26d.jpg,KermaniBedroom1.c9150c64.jpg,3
KermaniBathroom12.253b9619.jpg,KermaniBedroom2.4137562e.jpg,3
KermaniBathroom13.3cc9414f.jpg,KermaniBedroom3.85a2fcf8.jpg,3
KermaniBathroom14.28980cef.jpg,KermaniBedroom4.19237d55.jpg,3
KermaniBathroom14.28980cef.jpg,KermaniBedroom5.182113cf.jpg,3
SceneSeerBathroom11.26f79cf9.jpg,SceneSeerBedroom1.eab3fddf.jpg,2
SceneSeerBathroom12.1bc6afa0.jpg,SceneSeerBedroom2.b8db532a.jpg,2
SceneSeerBathroom13.9126ddeb.jpg,SceneSeerBedroom3.38edf89c.jpg,2
SceneSeerBathroom14.83034ec8.jpg,SceneSeerBedroom4.a2e3fbff.jpg,2
SceneSeerBathroom14.83034ec8.jpg,SceneSeerBedroom5.0180e40e.jpg,2
SceneSeerBathroom11.26f79cf9.jpg,SceneSeerBedroom1.eab3fddf.jpg,3
SceneSeerBathroom12.1bc6afa0.jpg,SceneSeerBedroom2.b8db532a.jpg,2
CustomBathroom11.83f00d27.jpg,KermaniBedroom1.c9150c64.jpg,2
CustomBathroom12.a184ee8e.jpg,KermaniBedroom2.4137562e.jpg,2
CustomBathroom13.c19b560e.jpg,KermaniBedroom3.85a2fcf8.jpg,2
CustomBathroom14.2d879a61.jpg,KermaniBedroom4.19237d55.jpg,2
CustomBathroom15.c2fa3441.jpg,KermaniBedroom5.182113cf.jpg,2
SceneSeerBathroom13.9126ddeb.jpg,SceneSeerBedroom3.38edf89c.jpg,3
SceneSeerBathroom14.83034ec8.jpg,SceneSeerBedroom4.a2e3fbff.jpg,3
SceneSeerBathroom14.83034ec8.jpg,SceneSeerBedroom5.0180e40e.jpg,3
CustomBathroom11.83f00d27.jpg,CustomBedroom1.dd3a3ab7.jpg,3
CustomBathroom12.a184ee8e.jpg,CustomBedroom2.68c78b04.jpg,3
CustomBathroom13.c19b560e.jpg,CustomBedroom3.8e19b3f5.jpg,3
CustomBathroom14.2d879a61.jpg,CustomBedroom4.b5057e6e.jpg,3
CustomBathroom14.2d879a61.jpg,CustomBedroom5.d076a690.jpg,3
KermaniBathroom11.ee57a26d.jpg,KermaniBedroom1.c9150c64.jpg,3
KermaniBathroom12.253b9619.jpg,KermaniBedroom2.4137562e.jpg,3
KermaniBathroom13.3cc9414f.jpg,KermaniBedroom3.85a2fcf8.jpg,3
KermaniBathroom14.28980cef.jpg,KermaniBedroom4.19237d55.jpg,3
KermaniBathroom14.28980cef.jpg,KermaniBedroom5.182113cf.jpg,3
SceneSeerBathroom11.26f79cf9.jpg,SceneSeerBedroom1.eab3fddf.jpg,3
SceneSeerBathroom12.1bc6afa0.jpg,SceneSeerBedroom2.b8db532a.jpg,3
SceneSeerBathroom13.9126ddeb.jpg,SceneSeerBedroom3.38edf89c.jpg,3
SceneSeerBathroom14.83034ec8.jpg,SceneSeerBedroom4.a2e3fbff.jpg,3
SceneSeerBathroom14.83034ec8.jpg,SceneSeerBedroom5.0180e40e.jpg,3
KermaniBathroom11.ee57a26d.jpg,SceneSeerBedroom1.eab3fddf.jpg,3
KermaniBathroom12.253b9619.jpg,SceneSeerBedroom2.b8db532a.jpg,3
KermaniBathroom13.3cc9414f.jpg,SceneSeerBedroom3.38edf89c.jpg,3
KermaniBathroom14.28980cef.jpg,SceneSeerBedroom4.a2e3fbff.jpg,3
KermaniBathroom14.28980cef.jpg,SceneSeerBedroom5.0180e40e.jpg,3
KermaniBathroom11.ee57a26d.jpg,KermaniBedroom1.c9150c64.jpg,3
KermaniBathroom12.253b9619.jpg,KermaniBedroom2.4137562e.jpg,3
KermaniBathroom13.3cc9414f.jpg,KermaniBedroom3.85a2fcf8.jpg,3
KermaniBathroom14.28980cef.jpg,KermaniBedroom4.19237d55.jpg,3
KermaniBathroom14.28980cef.jpg,KermaniBedroom5.182113cf.jpg,3
CustomBathroom11.83f00d27.jpg,KermaniBedroom1.c9150c64.jpg,3
CustomBathroom12.a184ee8e.jpg,KermaniBedroom2.4137562e.jpg,3
CustomBathroom13.c19b560e.jpg,KermaniBedroom3.85a2fcf8.jpg,3
CustomBathroom14.2d879a61.jpg,KermaniBedroom4.19237d55.jpg,3
CustomBathroom15.c2fa3441.jpg,KermaniBedroom5.182113cf.jpg,3
SceneSeerBathroom11.26f79cf9.jpg,CustomBedroom1.dd3a3ab7.jpg,3
SceneSeerBathroom12.1bc6afa0.jpg,CustomBedroom2.68c78b04.jpg,3
SceneSeerBathroom13.9126ddeb.jpg,CustomBedroom3.8e19b3f5.jpg,3
SceneSeerBathroom14.83034ec8.jpg,CustomBedroom4.b5057e6e.jpg,3
SceneSeerBathroom14.83034ec8.jpg,CustomBedroom5.d076a690.jpg,3
KermaniBathroom11.ee57a26d.jpg,KermaniBedroom1.c9150c64.jpg,3
KermaniBathroom12.253b9619.jpg,KermaniBedroom2.4137562e.jpg,3
KermaniBathroom13.3cc9414f.jpg,KermaniBedroom3.85a2fcf8.jpg,3
KermaniBathroom14.28980cef.jpg,KermaniBedroom4.19237d55.jpg,3
KermaniBathroom14.28980cef.jpg,KermaniBedroom5.182113cf.jpg,3
CustomBathroom11.83f00d27.jpg,KermaniBedroom1.c9150c64.jpg,3
CustomBathroom12.a184ee8e.jpg,KermaniBedroom2.4137562e.jpg,3
CustomBathroom13.c19b560e.jpg,KermaniBedroom3.85a2fcf8.jpg,3
CustomBathroom14.2d879a61.jpg,KermaniBedroom4.19237d55.jpg,3
CustomBathroom15.c2fa3441.jpg,KermaniBedroom5.182113cf.jpg,3
CustomBathroom11.83f00d27.jpg,CustomBedroom1.dd3a3ab7.jpg,2
CustomBathroom12.a184ee8e.jpg,CustomBedroom2.68c78b04.jpg,2
CustomBathroom13.c19b560e.jpg,CustomBedroom3.8e19b3f5.jpg,2
CustomBathroom14.2d879a61.jpg,CustomBedroom4.b5057e6e.jpg,2
CustomBathroom14.2d879a61.jpg,CustomBedroom5.d076a690.jpg,3
KermaniBathroom11.ee57a26d.jpg,KermaniBedroom1.c9150c64.jpg,3
KermaniBathroom12.253b9619.jpg,KermaniBedroom2.4137562e.jpg,3
KermaniBathroom13.3cc9414f.jpg,KermaniBedroom3.85a2fcf8.jpg,3
KermaniBathroom14.28980cef.jpg,KermaniBedroom4.19237d55.jpg,3
KermaniBathroom14.28980cef.jpg,KermaniBedroom5.182113cf.jpg,3
CustomBathroom11.83f00d27.jpg,KermaniBedroom1.c9150c64.jpg,2
CustomBathroom12.a184ee8e.jpg,KermaniBedroom2.4137562e.jpg,2
CustomBathroom13.c19b560e.jpg,KermaniBedroom3.85a2fcf8.jpg,2
CustomBathroom14.2d879a61.jpg,KermaniBedroom4.19237d55.jpg,3
CustomBathroom15.c2fa3441.jpg,KermaniBedroom5.182113cf.jpg,2
SceneSeerBathroom11.26f79cf9.jpg,SceneSeerBedroom1.eab3fddf.jpg,3
SceneSeerBathroom12.1bc6afa0.jpg,SceneSeerBedroom2.b8db532a.jpg,3
SceneSeerBathroom13.9126ddeb.jpg,SceneSeerBedroom3.38edf89c.jpg,3
SceneSeerBathroom14.83034ec8.jpg,SceneSeerBedroom4.a2e3fbff.jpg,3
SceneSeerBathroom14.83034ec8.jpg,SceneSeerBedroom5.0180e40e.jpg,3
KermaniBathroom11.ee57a26d.jpg,KermaniBedroom1.c9150c64.jpg,3
KermaniBathroom12.253b9619.jpg,KermaniBedroom2.4137562e.jpg,3
KermaniBathroom13.3cc9414f.jpg,KermaniBedroom3.85a2fcf8.jpg,3
KermaniBathroom14.28980cef.jpg,KermaniBedroom4.19237d55.jpg,3
KermaniBathroom14.28980cef.jpg,KermaniBedroom5.182113cf.jpg,3
CustomBathroom11.83f00d27.jpg,KermaniBedroom1.c9150c64.jpg,3
CustomBathroom12.a184ee8e.jpg,KermaniBedroom2.4137562e.jpg,2
CustomBathroom13.c19b560e.jpg,KermaniBedroom3.85a2fcf8.jpg,3
CustomBathroom14.2d879a61.jpg,KermaniBedroom4.19237d55.jpg,2
CustomBathroom15.c2fa3441.jpg,KermaniBedroom5.182113cf.jpg,3
KermaniBathroom11.ee57a26d.jpg,SceneSeerBedroom1.eab3fddf.jpg,3
KermaniBathroom12.253b9619.jpg,SceneSeerBedroom2.b8db532a.jpg,2
KermaniBathroom13.3cc9414f.jpg,SceneSeerBedroom3.38edf89c.jpg,3
KermaniBathroom14.28980cef.jpg,SceneSeerBedroom4.a2e3fbff.jpg,2
KermaniBathroom14.28980cef.jpg,SceneSeerBedroom5.0180e40e.jpg,3
KermaniBathroom11.ee57a26d.jpg,KermaniBedroom1.c9150c64.jpg,3
KermaniBathroom12.253b9619.jpg,KermaniBedroom2.4137562e.jpg,3
KermaniBathroom13.3cc9414f.jpg,KermaniBedroom3.85a2fcf8.jpg,3
KermaniBathroom14.28980cef.jpg,KermaniBedroom4.19237d55.jpg,3
KermaniBathroom14.28980cef.jpg,KermaniBedroom5.182113cf.jpg,3
KermaniBathroom11.ee57a26d.jpg,SceneSeerBedroom1.eab3fddf.jpg,3
KermaniBathroom12.253b9619.jpg,SceneSeerBedroom2.b8db532a.jpg,3
KermaniBathroom13.3cc9414f.jpg,SceneSeerBedroom3.38edf89c.jpg,2
KermaniBathroom14.28980cef.jpg,SceneSeerBedroom4.a2e3fbff.jpg,2
KermaniBathroom14.28980cef.jpg,SceneSeerBedroom5.0180e40e.jpg,2
CustomBathroom11.83f00d27.jpg,CustomBedroom1.dd3a3ab7.jpg,2
CustomBathroom12.a184ee8e.jpg,CustomBedroom2.68c78b04.jpg,2
CustomBathroom13.c19b560e.jpg,CustomBedroom3.8e19b3f5.jpg,2
CustomBathroom14.2d879a61.jpg,CustomBedroom4.b5057e6e.jpg,3
CustomBathroom14.2d879a61.jpg,CustomBedroom5.d076a690.jpg,3
KermaniBathroom11.ee57a26d.jpg,KermaniBedroom1.c9150c64.jpg,3
KermaniBathroom12.253b9619.jpg,KermaniBedroom2.4137562e.jpg,3
KermaniBathroom13.3cc9414f.jpg,KermaniBedroom3.85a2fcf8.jpg,3
KermaniBathroom14.28980cef.jpg,KermaniBedroom4.19237d55.jpg,3
KermaniBathroom14.28980cef.jpg,KermaniBedroom5.182113cf.jpg,3
KermaniBathroom11.ee57a26d.jpg,SceneSeerBedroom1.eab3fddf.jpg,3
KermaniBathroom12.253b9619.jpg,SceneSeerBedroom2.b8db532a.jpg,3
KermaniBathroom13.3cc9414f.jpg,SceneSeerBedroom3.38edf89c.jpg,3
KermaniBathroom14.28980cef.jpg,SceneSeerBedroom4.a2e3fbff.jpg,3
KermaniBathroom14.28980cef.jpg,SceneSeerBedroom5.0180e40e.jpg,3
KermaniBathroom11.ee57a26d.jpg,KermaniBedroom1.c9150c64.jpg,3
KermaniBathroom12.253b9619.jpg,KermaniBedroom2.4137562e.jpg,3
KermaniBathroom13.3cc9414f.jpg,KermaniBedroom3.85a2fcf8.jpg,3
SceneSeerBathroom11.26f79cf9.jpg,SceneSeerBedroom1.eab3fddf.jpg,3
KermaniBathroom14.28980cef.jpg,KermaniBedroom4.19237d55.jpg,3
KermaniBathroom14.28980cef.jpg,KermaniBedroom5.182113cf.jpg,3
SceneSeerBathroom12.1bc6afa0.jpg,SceneSeerBedroom2.b8db532a.jpg,2
SceneSeerBathroom13.9126ddeb.jpg,SceneSeerBedroom3.38edf89c.jpg,3
SceneSeerBathroom14.83034ec8.jpg,SceneSeerBedroom4.a2e3fbff.jpg,3
SceneSeerBathroom14.83034ec8.jpg,SceneSeerBedroom5.0180e40e.jpg,3
KermaniBathroom11.ee57a26d.jpg,SceneSeerBedroom1.eab3fddf.jpg,3
KermaniBathroom12.253b9619.jpg,SceneSeerBedroom2.b8db532a.jpg,3
KermaniBathroom13.3cc9414f.jpg,SceneSeerBedroom3.38edf89c.jpg,2
KermaniBathroom14.28980cef.jpg,SceneSeerBedroom4.a2e3fbff.jpg,3
KermaniBathroom14.28980cef.jpg,SceneSeerBedroom5.0180e40e.jpg,2
CustomBathroom11.83f00d27.jpg,KermaniBedroom1.c9150c64.jpg,2
CustomBathroom12.a184ee8e.jpg,KermaniBedroom2.4137562e.jpg,3
CustomBathroom13.c19b560e.jpg,KermaniBedroom3.85a2fcf8.jpg,3
CustomBathroom14.2d879a61.jpg,KermaniBedroom4.19237d55.jpg,3
CustomBathroom15.c2fa3441.jpg,KermaniBedroom5.182113cf.jpg,2
KermaniBathroom11.ee57a26d.jpg,KermaniBedroom1.c9150c64.jpg,3
KermaniBathroom12.253b9619.jpg,KermaniBedroom2.4137562e.jpg,3
KermaniBathroom13.3cc9414f.jpg,KermaniBedroom3.85a2fcf8.jpg,3
KermaniBathroom14.28980cef.jpg,KermaniBedroom4.19237d55.jpg,3
KermaniBathroom14.28980cef.jpg,KermaniBedroom5.182113cf.jpg,3
SceneSeerBathroom11.26f79cf9.jpg,CustomBedroom1.dd3a3ab7.jpg,2
SceneSeerBathroom12.1bc6afa0.jpg,CustomBedroom2.68c78b04.jpg,2
SceneSeerBathroom13.9126ddeb.jpg,CustomBedroom3.8e19b3f5.jpg,3
SceneSeerBathroom14.83034ec8.jpg,CustomBedroom4.b5057e6e.jpg,3
SceneSeerBathroom14.83034ec8.jpg,CustomBedroom5.d076a690.jpg,3
SceneSeerBathroom11.26f79cf9.jpg,SceneSeerBedroom1.eab3fddf.jpg,3
SceneSeerBathroom12.1bc6afa0.jpg,SceneSeerBedroom2.b8db532a.jpg,3
SceneSeerBathroom13.9126ddeb.jpg,SceneSeerBedroom3.38edf89c.jpg,3
SceneSeerBathroom14.83034ec8.jpg,SceneSeerBedroom4.a2e3fbff.jpg,3
SceneSeerBathroom14.83034ec8.jpg,SceneSeerBedroom5.0180e40e.jpg,3
CustomBathroom11.83f00d27.jpg,CustomBedroom1.dd3a3ab7.jpg,3
CustomBathroom12.a184ee8e.jpg,CustomBedroom2.68c78b04.jpg,3
CustomBathroom13.c19b560e.jpg,CustomBedroom3.8e19b3f5.jpg,3
CustomBathroom14.2d879a61.jpg,CustomBedroom4.b5057e6e.jpg,3
CustomBathroom14.2d879a61.jpg,CustomBedroom5.d076a690.jpg,3
KermaniBathroom11.ee57a26d.jpg,KermaniBedroom1.c9150c64.jpg,3
KermaniBathroom12.253b9619.jpg,KermaniBedroom2.4137562e.jpg,3
KermaniBathroom13.3cc9414f.jpg,KermaniBedroom3.85a2fcf8.jpg,3
KermaniBathroom14.28980cef.jpg,KermaniBedroom4.19237d55.jpg,3
KermaniBathroom14.28980cef.jpg,KermaniBedroom5.182113cf.jpg,3
SceneSeerBathroom11.26f79cf9.jpg,SceneSeerBedroom1.eab3fddf.jpg,3
SceneSeerBathroom12.1bc6afa0.jpg,SceneSeerBedroom2.b8db532a.jpg,3
SceneSeerBathroom13.9126ddeb.jpg,SceneSeerBedroom3.38edf89c.jpg,2
SceneSeerBathroom14.83034ec8.jpg,SceneSeerBedroom4.a2e3fbff.jpg,2
SceneSeerBathroom14.83034ec8.jpg,SceneSeerBedroom5.0180e40e.jpg,3
CustomBathroom11.83f00d27.jpg,CustomBedroom1.dd3a3ab7.jpg,1
CustomBathroom12.a184ee8e.jpg,CustomBedroom2.68c78b04.jpg,0
CustomBathroom13.c19b560e.jpg,CustomBedroom3.8e19b3f5.jpg,2
CustomBathroom14.2d879a61.jpg,CustomBedroom4.b5057e6e.jpg,2
CustomBathroom14.2d879a61.jpg,CustomBedroom5.d076a690.jpg,3
CustomBathroom11.83f00d27.jpg,KermaniBedroom1.c9150c64.jpg,3
CustomBathroom12.a184ee8e.jpg,KermaniBedroom2.4137562e.jpg,3
CustomBathroom13.c19b560e.jpg,KermaniBedroom3.85a2fcf8.jpg,3
CustomBathroom14.2d879a61.jpg,KermaniBedroom4.19237d55.jpg,2
CustomBathroom15.c2fa3441.jpg,KermaniBedroom5.182113cf.jpg,2
SceneSeerBathroom11.26f79cf9.jpg,SceneSeerBedroom1.eab3fddf.jpg,3
SceneSeerBathroom12.1bc6afa0.jpg,SceneSeerBedroom2.b8db532a.jpg,3
SceneSeerBathroom13.9126ddeb.jpg,SceneSeerBedroom3.38edf89c.jpg,2
SceneSeerBathroom14.83034ec8.jpg,SceneSeerBedroom4.a2e3fbff.jpg,3
SceneSeerBathroom14.83034ec8.jpg,SceneSeerBedroom5.0180e40e.jpg,3
KermaniBathroom11.ee57a26d.jpg,KermaniBedroom1.c9150c64.jpg,2
KermaniBathroom12.253b9619.jpg,KermaniBedroom2.4137562e.jpg,2
KermaniBathroom13.3cc9414f.jpg,KermaniBedroom3.85a2fcf8.jpg,2
KermaniBathroom14.28980cef.jpg,KermaniBedroom4.19237d55.jpg,1
KermaniBathroom14.28980cef.jpg,KermaniBedroom5.182113cf.jpg,1
KermaniBathroom11.ee57a26d.jpg,SceneSeerBedroom1.eab3fddf.jpg,3
KermaniBathroom12.253b9619.jpg,SceneSeerBedroom2.b8db532a.jpg,1
KermaniBathroom13.3cc9414f.jpg,SceneSeerBedroom3.38edf89c.jpg,2
KermaniBathroom14.28980cef.jpg,SceneSeerBedroom4.a2e3fbff.jpg,2
KermaniBathroom14.28980cef.jpg,SceneSeerBedroom5.0180e40e.jpg,3
SceneSeerBathroom11.26f79cf9.jpg,SceneSeerBedroom1.eab3fddf.jpg,3
SceneSeerBathroom12.1bc6afa0.jpg,SceneSeerBedroom2.b8db532a.jpg,3
SceneSeerBathroom13.9126ddeb.jpg,SceneSeerBedroom3.38edf89c.jpg,3
SceneSeerBathroom14.83034ec8.jpg,SceneSeerBedroom4.a2e3fbff.jpg,3
SceneSeerBathroom14.83034ec8.jpg,SceneSeerBedroom5.0180e40e.jpg,3
KermaniBathroom11.ee57a26d.jpg,KermaniBedroom1.c9150c64.jpg,3
KermaniBathroom12.253b9619.jpg,KermaniBedroom2.4137562e.jpg,3
KermaniBathroom13.3cc9414f.jpg,KermaniBedroom3.85a2fcf8.jpg,3
KermaniBathroom14.28980cef.jpg,KermaniBedroom4.19237d55.jpg,3
KermaniBathroom14.28980cef.jpg,KermaniBedroom5.182113cf.jpg,3
SceneSeerBathroom11.26f79cf9.jpg,CustomBedroom1.dd3a3ab7.jpg,3
SceneSeerBathroom12.1bc6afa0.jpg,CustomBedroom2.68c78b04.jpg,3
SceneSeerBathroom13.9126ddeb.jpg,CustomBedroom3.8e19b3f5.jpg,3
SceneSeerBathroom14.83034ec8.jpg,CustomBedroom4.b5057e6e.jpg,3
SceneSeerBathroom14.83034ec8.jpg,CustomBedroom5.d076a690.jpg,3
SceneSeerBathroom11.26f79cf9.jpg,SceneSeerBedroom1.eab3fddf.jpg,3
SceneSeerBathroom12.1bc6afa0.jpg,SceneSeerBedroom2.b8db532a.jpg,3
SceneSeerBathroom13.9126ddeb.jpg,SceneSeerBedroom3.38edf89c.jpg,3
SceneSeerBathroom14.83034ec8.jpg,SceneSeerBedroom4.a2e3fbff.jpg,3
SceneSeerBathroom14.83034ec8.jpg,SceneSeerBedroom5.0180e40e.jpg,3
KermaniBathroom11.ee57a26d.jpg,KermaniBedroom1.c9150c64.jpg,3
KermaniBathroom12.253b9619.jpg,KermaniBedroom2.4137562e.jpg,3
KermaniBathroom13.3cc9414f.jpg,KermaniBedroom3.85a2fcf8.jpg,3
KermaniBathroom14.28980cef.jpg,KermaniBedroom4.19237d55.jpg,3
KermaniBathroom14.28980cef.jpg,KermaniBedroom5.182113cf.jpg,3
CustomBathroom11.83f00d27.jpg,CustomBedroom1.dd3a3ab7.jpg,2
CustomBathroom12.a184ee8e.jpg,CustomBedroom2.68c78b04.jpg,3
CustomBathroom13.c19b560e.jpg,CustomBedroom3.8e19b3f5.jpg,3
CustomBathroom14.2d879a61.jpg,CustomBedroom4.b5057e6e.jpg,3
CustomBathroom14.2d879a61.jpg,CustomBedroom5.d076a690.jpg,3
SceneSeerBathroom11.26f79cf9.jpg,SceneSeerBedroom1.eab3fddf.jpg,2
SceneSeerBathroom12.1bc6afa0.jpg,SceneSeerBedroom2.b8db532a.jpg,3
SceneSeerBathroom13.9126ddeb.jpg,SceneSeerBedroom3.38edf89c.jpg,3
SceneSeerBathroom14.83034ec8.jpg,SceneSeerBedroom4.a2e3fbff.jpg,3
SceneSeerBathroom14.83034ec8.jpg,SceneSeerBedroom5.0180e40e.jpg,3
SceneSeerBathroom11.26f79cf9.jpg,SceneSeerBedroom1.eab3fddf.jpg,3
SceneSeerBathroom12.1bc6afa0.jpg,SceneSeerBedroom2.b8db532a.jpg,3
SceneSeerBathroom13.9126ddeb.jpg,SceneSeerBedroom3.38edf89c.jpg,3
SceneSeerBathroom14.83034ec8.jpg,SceneSeerBedroom4.a2e3fbff.jpg,3
SceneSeerBathroom14.83034ec8.jpg,SceneSeerBedroom5.0180e40e.jpg,3
CustomBathroom11.83f00d27.jpg,KermaniBedroom1.c9150c64.jpg,3
CustomBathroom12.a184ee8e.jpg,KermaniBedroom2.4137562e.jpg,3
CustomBathroom13.c19b560e.jpg,KermaniBedroom3.85a2fcf8.jpg,3
CustomBathroom14.2d879a61.jpg,KermaniBedroom4.19237d55.jpg,3
CustomBathroom15.c2fa3441.jpg,KermaniBedroom5.182113cf.jpg,3
SceneSeerBathroom11.26f79cf9.jpg,SceneSeerBedroom1.eab3fddf.jpg,3
SceneSeerBathroom12.1bc6afa0.jpg,SceneSeerBedroom2.b8db532a.jpg,3
SceneSeerBathroom13.9126ddeb.jpg,SceneSeerBedroom3.38edf89c.jpg,3
SceneSeerBathroom14.83034ec8.jpg,SceneSeerBedroom4.a2e3fbff.jpg,3
SceneSeerBathroom14.83034ec8.jpg,SceneSeerBedroom5.0180e40e.jpg,3
CustomBathroom11.83f00d27.jpg,KermaniBedroom1.c9150c64.jpg,2
CustomBathroom12.a184ee8e.jpg,KermaniBedroom2.4137562e.jpg,2
CustomBathroom13.c19b560e.jpg,KermaniBedroom3.85a2fcf8.jpg,3
CustomBathroom14.2d879a61.jpg,KermaniBedroom4.19237d55.jpg,2
CustomBathroom15.c2fa3441.jpg,KermaniBedroom5.182113cf.jpg,2
KermaniBathroom11.ee57a26d.jpg,KermaniBedroom1.c9150c64.jpg,2
KermaniBathroom12.253b9619.jpg,KermaniBedroom2.4137562e.jpg,3
KermaniBathroom13.3cc9414f.jpg,KermaniBedroom3.85a2fcf8.jpg,3
KermaniBathroom14.28980cef.jpg,KermaniBedroom4.19237d55.jpg,2
KermaniBathroom14.28980cef.jpg,KermaniBedroom5.182113cf.jpg,2
SceneSeerBathroom11.26f79cf9.jpg,SceneSeerBedroom1.eab3fddf.jpg,3
SceneSeerBathroom12.1bc6afa0.jpg,SceneSeerBedroom2.b8db532a.jpg,2
SceneSeerBathroom13.9126ddeb.jpg,SceneSeerBedroom3.38edf89c.jpg,2
SceneSeerBathroom14.83034ec8.jpg,SceneSeerBedroom4.a2e3fbff.jpg,2
SceneSeerBathroom14.83034ec8.jpg,SceneSeerBedroom5.0180e40e.jpg,3
KermaniBathroom11.ee57a26d.jpg,SceneSeerBedroom1.eab3fddf.jpg,3
KermaniBathroom12.253b9619.jpg,SceneSeerBedroom2.b8db532a.jpg,2
SceneSeerBathroom11.26f79cf9.jpg,SceneSeerBedroom1.eab3fddf.jpg,3
SceneSeerBathroom12.1bc6afa0.jpg,SceneSeerBedroom2.b8db532a.jpg,3
KermaniBathroom13.3cc9414f.jpg,SceneSeerBedroom3.38edf89c.jpg,2
SceneSeerBathroom13.9126ddeb.jpg,SceneSeerBedroom3.38edf89c.jpg,3
SceneSeerBathroom14.83034ec8.jpg,SceneSeerBedroom4.a2e3fbff.jpg,3
KermaniBathroom14.28980cef.jpg,SceneSeerBedroom4.a2e3fbff.jpg,2
KermaniBathroom14.28980cef.jpg,SceneSeerBedroom5.0180e40e.jpg,2
SceneSeerBathroom14.83034ec8.jpg,SceneSeerBedroom5.0180e40e.jpg,3
SceneSeerBathroom11.26f79cf9.jpg,CustomBedroom1.dd3a3ab7.jpg,2
SceneSeerBathroom12.1bc6afa0.jpg,CustomBedroom2.68c78b04.jpg,2
SceneSeerBathroom13.9126ddeb.jpg,CustomBedroom3.8e19b3f5.jpg,1
SceneSeerBathroom14.83034ec8.jpg,CustomBedroom4.b5057e6e.jpg,2
SceneSeerBathroom14.83034ec8.jpg,CustomBedroom5.d076a690.jpg,2
KermaniBathroom11.ee57a26d.jpg,SceneSeerBedroom1.eab3fddf.jpg,3
KermaniBathroom12.253b9619.jpg,SceneSeerBedroom2.b8db532a.jpg,3
KermaniBathroom13.3cc9414f.jpg,SceneSeerBedroom3.38edf89c.jpg,3
KermaniBathroom14.28980cef.jpg,SceneSeerBedroom4.a2e3fbff.jpg,3
KermaniBathroom14.28980cef.jpg,SceneSeerBedroom5.0180e40e.jpg,3
CustomBathroom11.83f00d27.jpg,CustomBedroom1.dd3a3ab7.jpg,2
CustomBathroom12.a184ee8e.jpg,CustomBedroom2.68c78b04.jpg,2
CustomBathroom13.c19b560e.jpg,CustomBedroom3.8e19b3f5.jpg,3
CustomBathroom14.2d879a61.jpg,CustomBedroom4.b5057e6e.jpg,3
CustomBathroom14.2d879a61.jpg,CustomBedroom5.d076a690.jpg,3
SceneSeerBathroom11.26f79cf9.jpg,SceneSeerBedroom1.eab3fddf.jpg,3
SceneSeerBathroom12.1bc6afa0.jpg,SceneSeerBedroom2.b8db532a.jpg,2
SceneSeerBathroom13.9126ddeb.jpg,SceneSeerBedroom3.38edf89c.jpg,2
SceneSeerBathroom14.83034ec8.jpg,SceneSeerBedroom4.a2e3fbff.jpg,3
SceneSeerBathroom14.83034ec8.jpg,SceneSeerBedroom5.0180e40e.jpg,2
SceneSeerBathroom11.26f79cf9.jpg,CustomBedroom1.dd3a3ab7.jpg,0
SceneSeerBathroom12.1bc6afa0.jpg,CustomBedroom2.68c78b04.jpg,0
SceneSeerBathroom13.9126ddeb.jpg,CustomBedroom3.8e19b3f5.jpg,2
SceneSeerBathroom14.83034ec8.jpg,CustomBedroom4.b5057e6e.jpg,2
SceneSeerBathroom14.83034ec8.jpg,CustomBedroom5.d076a690.jpg,2
CustomBathroom11.83f00d27.jpg,KermaniBedroom1.c9150c64.jpg,2
CustomBathroom12.a184ee8e.jpg,KermaniBedroom2.4137562e.jpg,2
CustomBathroom13.c19b560e.jpg,KermaniBedroom3.85a2fcf8.jpg,1
CustomBathroom14.2d879a61.jpg,KermaniBedroom4.19237d55.jpg,2
CustomBathroom15.c2fa3441.jpg,KermaniBedroom5.182113cf.jpg,2
SceneSeerBathroom11.26f79cf9.jpg,SceneSeerBedroom1.eab3fddf.jpg,3
SceneSeerBathroom12.1bc6afa0.jpg,SceneSeerBedroom2.b8db532a.jpg,3
SceneSeerBathroom13.9126ddeb.jpg,SceneSeerBedroom3.38edf89c.jpg,3
SceneSeerBathroom14.83034ec8.jpg,SceneSeerBedroom4.a2e3fbff.jpg,3
SceneSeerBathroom14.83034ec8.jpg,SceneSeerBedroom5.0180e40e.jpg,3
SceneSeerBathroom11.26f79cf9.jpg,CustomBedroom1.dd3a3ab7.jpg,2
SceneSeerBathroom12.1bc6afa0.jpg,CustomBedroom2.68c78b04.jpg,1
SceneSeerBathroom13.9126ddeb.jpg,CustomBedroom3.8e19b3f5.jpg,3
SceneSeerBathroom14.83034ec8.jpg,CustomBedroom4.b5057e6e.jpg,3
SceneSeerBathroom14.83034ec8.jpg,CustomBedroom5.d076a690.jpg,3
KermaniBathroom11.ee57a26d.jpg,SceneSeerBedroom1.eab3fddf.jpg,3
KermaniBathroom12.253b9619.jpg,SceneSeerBedroom2.b8db532a.jpg,2
KermaniBathroom13.3cc9414f.jpg,SceneSeerBedroom3.38edf89c.jpg,3
KermaniBathroom14.28980cef.jpg,SceneSeerBedroom4.a2e3fbff.jpg,2
KermaniBathroom14.28980cef.jpg,SceneSeerBedroom5.0180e40e.jpg,2
SceneSeerBathroom11.26f79cf9.jpg,SceneSeerBedroom1.eab3fddf.jpg,3
SceneSeerBathroom12.1bc6afa0.jpg,SceneSeerBedroom2.b8db532a.jpg,3
SceneSeerBathroom13.9126ddeb.jpg,SceneSeerBedroom3.38edf89c.jpg,3
SceneSeerBathroom14.83034ec8.jpg,SceneSeerBedroom4.a2e3fbff.jpg,3
SceneSeerBathroom14.83034ec8.jpg,SceneSeerBedroom5.0180e40e.jpg,3
SceneSeerBathroom11.26f79cf9.jpg,SceneSeerBedroom1.eab3fddf.jpg,3
SceneSeerBathroom12.1bc6afa0.jpg,SceneSeerBedroom2.b8db532a.jpg,3
SceneSeerBathroom13.9126ddeb.jpg,SceneSeerBedroom3.38edf89c.jpg,3
SceneSeerBathroom14.83034ec8.jpg,SceneSeerBedroom4.a2e3fbff.jpg,3
SceneSeerBathroom14.83034ec8.jpg,SceneSeerBedroom5.0180e40e.jpg,3
SceneSeerBathroom11.26f79cf9.jpg,CustomBedroom1.dd3a3ab7.jpg,3
SceneSeerBathroom12.1bc6afa0.jpg,CustomBedroom2.68c78b04.jpg,3
SceneSeerBathroom13.9126ddeb.jpg,CustomBedroom3.8e19b3f5.jpg,3
SceneSeerBathroom14.83034ec8.jpg,CustomBedroom4.b5057e6e.jpg,3
SceneSeerBathroom14.83034ec8.jpg,CustomBedroom5.d076a690.jpg,3
KermaniBathroom11.ee57a26d.jpg,KermaniBedroom1.c9150c64.jpg,3
KermaniBathroom12.253b9619.jpg,KermaniBedroom2.4137562e.jpg,3
KermaniBathroom13.3cc9414f.jpg,KermaniBedroom3.85a2fcf8.jpg,3
KermaniBathroom14.28980cef.jpg,KermaniBedroom4.19237d55.jpg,3
KermaniBathroom14.28980cef.jpg,KermaniBedroom5.182113cf.jpg,3
""
""
